{
    "name" : "E8_single",
    "length" : 650,
    "dx" : 5,
    "F" : 6.5,
    "r" : 0.000484,
    "rho" : 1.254,
    "a" : 343,
    "t_step" : 180000000,
    "h" : 0.000001,
    "P_init" : -1599.4
}
