{
    "name" : "E5_single",
    "length" : 1720,
    "dx" : 5,
    "F" : 4.5,
    "r" : 0.00112,
    "rho" : 1.254,
    "a" : 343,
    "t_step" : 180000000,
    "h" : 0.000001,
    "P_init" : -710.14
}
