{
    "name" : "E4_single",
    "length" : 1410,
    "dx" : 5,
    "F" : 5.98,
    "r" : 0.0019,
    "rho" : 1.254,
    "a" : 343,
    "t_step" : 180000000,
    "h" : 0.000001,
    "P_init" : -594.76479
}
