{
    "name" : "E6_single",
    "length" : 934,
    "dx" : 5,
    "F" : 4.97,
    "r" : 0.00137,
    "rho" : 1.254,
    "a" : 343,
    "t_step" : 180000000,
    "h" : 0.000001,
    "P_init" : -718.72
}
