{
    "name" : "E3_single",
    "length" : 1925,
    "dx" : 40,
    "F" : 4.67,
    "r" : 0.00105,
    "rho" : 1.254,
    "a" : 343,
    "t_step" : 180000000,
    "h" : 0.000001,
    "P_init" : -202.0 
}
